Distance (63 steps),Distance (126 steps),Distance (189 steps)
31.5008190007824,63.00305136943222,94.50669644312363
31.50091324060225,63.00338117771929,94.50740307527316
31.501009723935248,63.00371547143205,94.5081164318935
31.501108450760793,63.00405425049915,94.50883651283242
31.50120942105778,63.004397514848236,94.50956331793616
31.50131263480463,63.00474526440597,94.51029684704964
31.501418091979314,63.0050974990981,94.51103710001631
31.50152579255928,63.005454218849394,94.51178407667813
31.501635736521525,63.005815423583684,94.51253777687572
31.501747923842572,63.006181113223846,94.51329820044818
31.50186235449843,63.00655128769176,94.51406534723328
31.501979028464667,63.00692594690839,94.51483921706728
31.50209794571635,63.007305090793736,94.51561980978506
31.502219106228093,63.00768871926684,94.51640712522003
31.50234250997399,63.0080768322458,94.51720116320422
31.50246815692769,63.008469429647725,94.51800192356816
31.50259604706235,63.00886651138879,94.51880940614105
31.502726180350653,63.00926807738424,94.51962361075054
31.5028585567648,63.009674127548315,94.52044453722299
31.502993176276505,63.01008466179433,94.52127218538321
31.50313003885702,63.010499680034656,94.52210655505463
31.50326914447712,63.01091918218066,94.5229476460593
31.50341049310707,63.0113431681428,94.52379545821773
31.503554084716697,63.011771637830584,94.52464999134912
31.50369991927532,63.012204591152525,94.5255112452712
31.503847996751805,63.01264202801622,94.52637921980022
31.503998317114505,63.01308394832827,94.5272539147511
31.504150880331334,63.013530351994376,94.52813532993726
31.504305686369698,63.01398123891922,94.52902346517065
31.504462735196526,63.014436609006616,94.52991832026197
31.504622026778296,63.01489646215932,94.53081989502033
31.504783561080977,63.01536079827922,94.53172818925347
31.504947338070078,63.0158296172672,94.53264320276772
31.50511335771062,63.01630291902322,94.53356493536793
31.505281619967153,63.01678070344625,94.53449338685759
31.50545212480374,63.01726297043437,94.53542855703873
31.505624872183972,63.01774971988463,94.536370445712
31.505799862070965,63.01824095169318,94.53731905267651
31.50597709442735,63.01873666575519,94.5382743777301
31.5061565692153,63.019236861964906,94.53923642066907
31.506338286396456,63.01974154021558,94.54020518128831
31.506522245932047,63.020250700399544,94.54118065938138
31.50670844778279,63.020764342408164,94.5421628547403
31.506896891908934,63.021282466131865,94.54315176715575
31.507087578270234,63.021805071460086,94.54414739641693
31.507280506825982,63.02233215828135,94.54514974231162
31.507475677535,63.02286372648323,94.54615880462623
31.50767309035561,63.02339977595231,94.54717458314572
31.50787274524567,63.023940306574254,94.54819707765358
31.508074642162565,63.024485318233765,94.54922628793199
31.508278781063186,63.02503481081459,94.55026221376157
31.50848516190397,63.02558878419953,94.55130485492164
31.508693784640847,63.02614723827042,94.55235421119002
31.508904649229297,63.02671017290815,94.55341028234314
31.509117755624317,63.02727758799272,94.55447306815603
31.509333103780396,63.02784948340305,94.55554256840223
31.509550693651597,63.028425859017226,94.55661878285395
31.509770525191477,63.02900671471234,94.55770171128191
31.5099925983531,63.02959205036451,94.55879135345546
31.510216913089092,63.030181865848924,94.55988770914246
31.510443469351564,63.03077616103984,94.56099077810944
31.51067226709218,63.031374935810526,94.56210056012145
31.51090330626211,63.03197819003334,94.56321705494217
31.51113658681205,63.03258592357967,94.56434026233377
31.51137210869224,63.033198136319925,94.5654701820571
31.51160987185239,63.03381482812364,94.56660681387159
31.511849876241772,63.034435998859315,94.56775015753516
31.512092121809207,63.03506164839454,94.56890021280438
31.512336608502995,63.03569177659598,94.57005697943443
31.512583336270968,63.03632638332931,94.57122045717898
31.512832305060478,63.03696546845926,94.57239064579038
31.513083514818415,63.03760903184965,94.57356754501954
31.513336965491202,63.03825707336329,94.57475115461587
31.513592657024763,63.0389095928621,94.57594147432748
31.513850589364548,63.039566590207016,94.57713850390103
31.514110762455548,63.04022806525804,94.57834224308169
31.51437317624224,63.040894017874216,94.57955269161334
31.514637830668686,63.04156444791364,94.58076984923835
31.514904725678416,63.042239355233484,94.58199371569768
31.515173861214496,63.04291873968993,94.58322429073095
31.51544523721955,63.04360260113824,94.58446157407631
31.51571885363568,63.04429093943274,94.58570556547049
31.51599471040454,63.044983754426795,94.58695626464878
31.516272807467324,63.045681045972785,94.58821367134517
31.51655314476469,63.04638281392221,94.58947778529215
31.516835722236877,63.04708905812558,94.59074860622076
31.517120539823637,63.04779977843247,94.59202613386073
31.517407597464224,63.04851497469151,94.5933103679403
31.517696895097448,63.04923464675039,94.59460130818638
31.517988432661607,63.04995879445584,94.59589895432434
31.51828221009456,63.05068741765364,94.59720330607828
31.518578227333666,63.05142051618863,94.59851436317076
31.518876484315847,63.05215808990473,94.59983212532305
31.51917698097748,63.05290013864487,94.6011565922549
31.519479717254534,63.05364666225108,94.60248776368478
31.519784693082464,63.05439766056441,94.60382563932957
31.520091908396257,63.05515313342496,94.6051702189049
31.520401363130443,63.055913080671914,94.60652150212495
31.520713057219083,63.05667750214351,94.60787948870247
31.52102699059571,63.057446397677026,94.60924417834877
31.521343163193443,63.05821976710878,94.61061557077383
31.521661574944886,63.0589976102742,94.61199366568614
31.521982225782196,63.05977992700769,94.61337846279287
31.52230511563704,63.060566717142784,94.61476996179971
31.522630244440627,63.06135798051206,94.61616816241099
31.522957612123644,63.06215371694709,94.61757306432953
31.523287218616378,63.06295392627859,94.61898466725698
31.523619063848574,63.063758608336265,94.62040297089328
31.52395314774955,63.064567762948926,94.62182797493723
31.52428947024813,63.065381389944406,94.62325967908605
31.524628031272655,63.0661994891496,94.62469808303563
31.524968830751007,63.06702206039049,94.62614318648043
31.525311868610604,63.06784910349207,94.62759498911356
31.52565714477837,63.06868061827845,94.62905349062662
31.52600465918075,63.06951660457273,94.63051869070986
31.526354411743736,63.07035706219713,94.63199058905222
31.52670640239284,63.07120199097288,94.63346918534108
31.527060631053104,63.072051390720304,94.63495447926252
31.527417097649092,63.07290526125876,94.63644647050118
31.527775802104877,63.073763602406686,94.63794515874032
31.528136744344092,63.074626413981555,94.63945054366174
31.5284999242899,63.075493695799935,94.64096262494594
31.528865341864925,63.07636544767742,94.64248140227193
31.529232996991418,63.07724166942867,94.64400687531736
31.529602889591057,63.078122360867425,94.64553904375845
31.529975019585134,63.079007521806474,94.64707790727005
31.530349386894418,63.07989715205764,94.6486234655256
31.530725991439187,63.080791251431826,94.65017571819716
31.531104833139334,63.08168981973906,94.65173466495538
31.5314859119142,63.08259285678832,94.65330030546946
31.531869227682638,63.0835003623877,94.65487263940726
31.532254780363115,63.084412336344364,94.65645166643525
31.532642569873556,63.0853287784645,94.65803738621844
31.53303259613145,63.08624968855343,94.65962979842051
31.533424859053795,63.08717506641548,94.66122890270375
31.533819358557103,63.088104911854,94.66283469872893
31.534216094557458,63.0890392246715,94.66444718615563
31.534615066970442,63.0899780046695,94.66606636464181
31.535016275711172,63.09092125164856,94.66769223384419
31.5354197206943,63.09186896540838,94.66932479341807
31.535825401833975,63.09282114574764,94.67096404301726
31.536233319043923,63.093777792464095,94.67260998229432
31.536643472237373,63.09473890535465,94.67426261090034
31.537055861327065,63.095704484215176,94.67592192848495
31.537470486225313,63.09667452884064,94.67758793469655
31.537887346843945,63.09764903902505,94.67926062918201
31.53830644309425,63.09862801456154,94.68094001158681
31.538727774887164,63.09961145524229,94.68262608155514
31.53915134213307,63.100599360858496,94.68431883872977
31.539577144741905,63.101591731200436,94.68601828275192
31.540005182623137,63.102588566057506,94.68772441326166
31.54043545568576,63.10358986521813,94.68943722989751
31.540867963838313,63.104595628469795,94.69115673229668
31.54130270698882,63.10560585559905,94.69288292009487
31.541739685044874,63.106620546391504,94.69461579292658
31.542178897913594,63.107639700631836,94.69635535042475
31.542620345501636,63.108663318103844,94.698101592221
31.543064027715168,63.109691398590364,94.6998545179456
31.54350994445989,63.11072394187321,94.70161412722737
31.543958095641038,63.11176094773342,94.70338041969376
31.54440848116338,63.112802415950995,94.70515339497088
31.5448611009312,63.11384834630501,94.7069330526833
31.545315954848363,63.11489873857364,94.70871939245441
31.545773042818173,63.11595359253411,94.71051241390609
31.546232364743574,63.11701290796272,94.71231211665886
31.546693920526945,63.11807668463486,94.71411850033188
31.54715771007025,63.11914492232494,94.71593156454286
31.547623733274975,63.12021762080648,94.71775130890818
31.548091990042142,63.12129477985205,94.71957773304288
31.548562480272285,63.122376399233325,94.7214108365605
31.54903520386549,63.123462478720974,94.72325061907326
31.549510160721354,63.124553018084825,94.72509708019204
31.54998735073903,63.12564801709371,94.72695021952623
31.550466773817185,63.12674747551556,94.72881003668395
31.550948429854035,63.12785139311741,94.7306765312719
31.551432318747285,63.1289597696653,94.73254970289531
31.551918440394235,63.13007260492436,94.73442955115819
31.55240679469168,63.13118989865881,94.73631607566305
31.552897381535956,63.132311650631976,94.73820927601109
31.553390200822918,63.13343786060617,94.74010915180205
31.553885252447973,63.13456852834283,94.74201570263438
31.554382536306033,63.13570365360248,94.74392892810503
31.554882052291592,63.136843236144706,94.74584882780977
31.555383800298635,63.1379872757281,94.74777540134282
31.555887780220683,63.13913577211046,94.74970864829707
31.556393991950827,63.140288725048535,94.75164856826402
31.556902435381623,63.14144613429822,94.75359516083385
31.557413110405243,63.142607999614455,94.75554842559535
31.55792601691333,63.14377432075124,94.75750836213584
31.558441154797073,63.1449450974617,94.75947497004141
31.558958523947215,63.14612032949802,94.76144824889664
31.559478124254035,63.14730001661139,94.76342819828483
31.559999955607307,63.14848415855215,94.7654148177879
31.560524017896395,63.14967275506976,94.76740810698634
31.561050311010135,63.15086580591262,94.76940806545929
31.561578834836936,63.15206331082829,94.77141469278453
31.562109589264747,63.15326526956343,94.77342798853846
31.56264257418105,63.15447168186374,94.77544795229616
31.563177789472814,63.155682547473944,94.77747458363126
31.563715235026617,63.15689786613802,94.77950788211601
31.5642549107285,63.15811763759877,94.78154784732136
31.564796816464085,63.159341861598286,94.78359447881688
31.565340952118547,63.16057053787766,94.78564777617073
31.565887317576546,63.161803666177015,94.78770773894973
31.56643591272227,63.16304124623564,94.78977436671927
31.566986737439525,63.16428327779189,94.79184765904353
31.567539791611587,63.165529760583105,94.79392761548513
31.568095075121253,63.16678069434584,94.79601423560544
31.568652587850856,63.16803607881562,94.79810751896443
31.569212329682383,63.16929591372711,94.80020746512072
31.569774300497205,63.17056019881402,94.80231407363152
31.570338500176295,63.17182893380924,94.80442734405275
31.570904928600154,63.17310211844453,94.80654727593888
31.571473585648835,63.174379752450974,94.80867386884309
31.572044471201927,63.17566183555856,94.81080712231713
31.572617585138516,63.176948367496465,94.81294703591142
31.57319292733729,63.17823934799286,94.81509360917507
31.573770497676406,63.17953477677511,94.81724684165573
31.574350296033586,63.180834653569555,94.81940673289972
31.57493232228611,63.182138978101655,94.82157328245205
31.5755165763108,63.18344775009599,94.82374648985629
31.57610305798393,63.18476096927619,94.82592635465468
31.576691767181455,63.18607863536495,94.82811287638822
31.57728270377874,63.18740074808412,94.83030605459626
31.577875867650757,63.1887273071545,94.83250588881712
31.578471258671968,63.19005831229614,94.83471237858754
31.579068876716434,63.191393763228064,94.83692552344303
31.57966872165768,63.1927336596684,94.83914532291756
31.580270793368864,63.194078001334425,94.84137177654404
31.58087509172261,63.195426787942395,94.84360488385374
31.58148161659108,63.19678001920772,94.84584464437668
31.582090367846007,63.19813769484497,94.84809105764158
31.582701345358668,63.19949981456758,94.85034412317572
31.583314548999823,63.20086637808829,94.8526038405051
31.583929978639862,63.202237385118885,94.85487020915426
31.58454763414862,63.20361283537011,94.85714322864652
31.585167515395533,63.20499272855193,94.85942289850372
31.585789622249564,63.20637706437337,94.86170921824645
31.58641395457923,63.20776584254251,94.86400218739388
31.58704051225251,63.20915906276653,94.86630180546386
31.587669295137,63.210556724751754,94.86860807197286
31.58830030309987,63.21195882820353,94.87092098643605
31.58893353600772,63.213365372826274,94.87324054836719
31.58956899372675,63.214776358323604,94.87556675727873
31.59020667612274,63.21619178439809,94.87789961268176
31.590846583060962,63.21761165075151,94.88023911408607
31.591488714406186,63.21903595708469,94.88258526099995
31.592133070022854,63.22046470309752,94.88493805293051
31.592779649774794,63.22189788848897,94.88729748938343
31.593428453525508,63.223335512957206,94.88966356986307
31.594079481137946,63.224777576199386,94.89203629387248
31.59473273247463,63.22622407791175,94.89441566091318
31.59538820739768,63.227675017789785,94.89680167048564
31.596045905768683,63.22913039552785,94.89919432208876
31.596705827448766,63.230590210819514,94.90159361522015
31.597367972298628,63.2320544633575,94.9039995493761
31.59803234017856,63.233523152833506,94.90641212405158
31.5986989309483,63.234996278938375,94.90883133874014
31.599367744467163,63.236473841362084,94.91125719293407
31.600038780594048,63.237955839793614,94.91368968612429
31.600712039187346,63.239442273921156,94.91612881780031
31.601387520104996,63.24093314343192,94.91857458745044
31.602065223204566,63.24242844801218,94.92102699456153
31.602745148342997,63.2439281873474,94.9234860386191
31.603427295376946,63.245432361122106,94.92595171910745
31.604111664162506,63.246940969019875,94.92842403550932
31.604798254555316,63.24845401072342,94.93090298730638
31.60548706641067,63.24997148591456,94.93338857397876
31.606178099583286,63.25149339427423,94.93588079500533
31.60687135392742,63.253019735482376,94.93837964986362
31.607566829297003,63.25455050921815,94.94088513802984
31.60826452554542,63.25608571515977,94.94339725897882
31.60896444252554,63.257625352984476,94.94591601218411
31.609666580089872,63.25916942236871,94.94844139711786
31.61037093809051,63.26071792298798,94.9509734132509
31.61107751637894,63.26227085451689,94.95351206005286
31.611786314806334,63.263828216629136,94.95605733699182
31.612497333223303,63.26539000899749,94.95860924353468
31.613210571480117,63.266956231293904,94.96116777914698
31.61392602942646,63.268526883189374,94.96373294329281
31.614643706911714,63.27010196435404,94.96630473543517
31.615363603784697,63.271681474457075,94.96888315503557
31.61608571989377,63.27326541316682,94.97146820155417
31.616810055086894,63.27485378015064,94.97405987444984
31.617536609211612,63.27644657507513,94.97665817318016
31.618265382114853,63.27804379760593,94.97926309720134
31.6189963736433,63.279645447407674,94.98187464596829
31.61972958364297,63.28125152414429,94.98449281893453
31.620465011959638,63.28286202747867,94.98711761555238
31.621202658438488,63.28447695707292,94.98974903527268
31.621942522924293,63.28609631258812,94.9923870775451
31.622684605261377,63.287720093684584,94.99503174181784
31.623428905293572,63.28934830002167,94.99768302753787
31.62417542286432,63.2909809312578,95.00034093415078
31.624924157816647,63.29261798705062,95.00300546110101
31.625675109992923,63.294259467056754,95.00567660783133
31.626428279235327,63.29590537093209,95.00835437378355
31.62718366538544,63.29755569833141,95.01103875839796
31.627941268284378,63.29921044890884,95.01372976111355
31.628701087772882,63.30086962231741,95.01642738136806
31.629463123691202,63.30253321820942,95.01913161859784
31.630227375879116,63.304201236236125,95.02184247223795
31.630993844176018,63.30587367604807,95.02455994172217
31.631762528420825,63.30755053729478,95.02728402648292
31.632533428451957,63.3092318196249,95.03001472595122
31.63330654410741,63.310917522686246,95.03275203955698
31.6340818752248,63.312607646125684,95.03549596672862
31.63485942164114,63.31430218958922,95.03824650689332
31.63563918319313,63.31600115272201,95.04100365947687
31.63642115971704,63.31770453516824,95.04376742390392
31.637205351048525,63.31941233657124,95.0465377995976
31.637991757022924,63.321124556573515,95.04931478597986
31.63878037747513,63.32284119481661,95.05209838247129
31.63957121223955,63.32456225094123,95.05488858849112
31.640364261150108,63.32628772458712,95.05768540345743
31.64115952404038,63.32801761539323,95.06048882678682
31.641957000743357,63.329751922997595,95.06329885789467
31.64275669109169,63.33149064703735,95.06611549619504
31.643558594917618,63.333233787148735,95.0689387411006
31.64436271205276,63.33498134296715,95.07176859202286
31.64516904232843,63.33673331412705,95.0746050483719
31.6459775855755,63.33848970026213,95.07744810955657
31.646788341624276,63.34025050100503,95.08029777498436
31.647601310304776,63.342015715987614,95.08315404406149
31.648416491446476,63.34378534484088,95.08601691619289
31.649233884878303,63.345559387194854,95.08888639078206
31.650053490429,63.34733784267877,95.09176246723139
31.65087530792665,63.349120710920964,95.09464514494186
31.651699337198963,63.350907991548794,95.09753442331312
31.652525578073217,63.35269968418895,95.10043030174366
31.653354030376164,63.35449578846697,95.1033327796304
31.654184693934244,63.35629630400774,95.10624185636922
31.655017568573374,63.35810123043519,95.10915753135475
31.65585265411898,63.359910567372324,95.11207980397991
31.65668995039613,63.36172431444129,95.11500867363672
31.657529457229415,63.363542471263436,95.11794413971582
31.658371174442973,63.365365037459156,95.12088620160648
31.659215101860465,63.36719201264787,95.12383485869661
31.660061239305225,63.36902339644843,95.12679011037307
31.660909586600003,63.37085918847845,95.1297519560211
31.661760143567182,63.37269938835497,95.13272039502495
31.662612910028667,63.37454399569391,95.13569542676734
31.663467885806,63.37639301011046,95.13867705062987
31.664325070720174,63.37824643121891,95.14166526599274
31.66518446459176,63.38010425863268,95.14466007223486
31.666046067240963,63.381966491964285,95.14766146873392
31.666909878487438,63.383833130825366,95.1506694548663
31.667775898150452,63.38570417482669,95.15368403000706
31.668644126048935,63.38757962357827,95.15670519352993
31.669514562001087,63.38945947668904,95.15973294480739
31.67038720582503,63.39134373376724,95.16276728321071
31.671262057338147,63.39323239442014,95.16580820810974
31.672139116357556,63.395125458254135,95.16885571887316
31.673018382699812,63.39702292487487,95.17190981486831
31.67389985618114,63.398924793886934,95.17497049546118
31.674783536617298,63.40083106489423,95.17803776001661
31.6756694238235,63.402741737499625,95.18111160789803
31.6765575176146,63.404656811305266,95.18419203846766
31.677447817805092,63.40657628591234,95.18727905108648
31.678340324208914,63.40850016092117,95.19037264511401
31.67923503663952,63.41042843593123,95.1934728199086
31.68013195491013,63.412361110541156,95.19657957482748
31.681031078833303,63.41429818434869,95.19969290922633
31.6819324082213,63.41623965695066,95.20281282245966
31.682835942885863,63.41818552794314,95.20593931388072
31.68374168263836,63.42013579692125,95.20907238284146
31.68464962728964,63.42209046347924,95.21221202869255
31.685559776650184,63.424049527210514,95.21535825078337
31.686472130530042,63.42601298770769,95.21851104846208
31.687386688738716,63.42798084456236,95.22167042107547
31.68830345108544,63.42995309736546,95.22483636796922
31.689222417378897,63.43192974570683,95.22800888848752
31.690143587427272,63.43391078917562,95.23118798197339
31.69106696103847,63.43589622736008,95.23437364776863
31.69199253801989,63.43788605984759,95.23756588521373
31.69292031817845,63.43988028622461,95.24076469364785
31.693850301320683,63.44187890607676,95.24397007240886
31.69478248725267,63.443881918988914,95.24718202083356
31.69571687578002,63.44588932454495,95.25040053825722
31.696653466708025,63.44790112232798,95.25362562401406
31.69759225984141,63.44991731192021,95.25685727743691
31.698533254984447,63.45193789290287,95.2600954978573
31.699476451941155,63.4539628648566,95.2633402846056
31.700421850514925,63.45599222736098,95.26659163701082
31.701369450508817,63.458025979994765,95.26984955440078
31.702319251725438,63.460064122335915,95.27311403610203
31.703271253966864,63.46210665396143,95.27638508143971
31.704225457034898,63.464153574447565,95.27966268973789
31.705181860730864,63.466204883369684,95.28294686031934
31.70614046485552,63.468260580302214,95.28623759250546
31.70710126920937,63.47032066481887,95.2895348856164
31.708064273592317,63.47238513649238,95.29283873897128
31.709029477804027,63.47445399489473,95.2961491518876
31.70999688164354,63.47652723959693,95.29946612368197
31.710966484909573,63.47860487016922,95.30278965366936
31.71193828740036,63.48068688618108,95.30611974116376
31.712912288913778,63.48277328720085,95.30945638547783
31.713888489247136,63.48486407279628,95.31279958592295
31.714866888197466,63.486959242534205,95.31614934180925
31.715847485561277,63.489058795980604,95.31950565244561
31.716830281134584,63.49116273270051,95.32286851713964
31.717815274713175,63.49327105225827,95.3262379351977
31.718802466092157,63.4953837542172,95.32961390592493
31.719791855066457,63.497500838139985,95.33299642862526
31.720783441430367,63.499622303588254,95.33638550260117
31.721777224977767,63.50174815012287,95.33978112715411
31.722773205502243,63.5038783773039,95.34318330158413
31.72377138279689,63.506012984690464,95.34659202519008
31.7247717566543,63.50815197184092,95.35000729726964
31.725774326866706,63.51029533831278,95.35342911711915
31.72677909322589,63.51244308366267,95.35685748403371
31.72778605552317,63.514595207446234,95.36029239730715
31.728795213549578,63.51675170921858,95.36373385623219
31.729806567095487,63.5189125885337,95.36718186010006
31.730820115951047,63.52107784494489,95.37063640820101
31.731835859905818,63.52324747800453,95.37409749982382
31.73285379874913,63.52542148726427,95.37756513425623
31.733873932269642,63.52759987227469,95.38103931078457
31.73489626025576,63.529782632585736,95.38452002869401
31.735920782495402,63.531969767746475,95.3880072872685
31.736947498776136,63.534161277305074,95.39150108579065
31.737976408884922,63.5363571608089,95.39500142354196
31.73900751260842,63.538557417804384,95.39850829980254
31.740040809732925,63.54076204783727,95.40202171385145
31.741076300044128,63.542971050452394,95.40554166496626
31.74211398332746,63.545184425193746,95.4090681524236
31.743153859367798,63.54740217160447,95.4126011754986
31.74419592794973,63.54962428922685,95.41614073346537
31.745240188857284,63.551850777602375,95.41968682559661
31.74628664187413,63.554081636271725,95.42323945116388
31.747335286783475,63.556316864774644,95.42679860943743
31.748386123368157,63.55855646265013,95.4303642996864
31.749439151410545,63.56080042943631,95.43393652117865
31.75049437069263,63.56304876467048,95.43751527318072
31.751551780995833,63.565301467889064,95.44110055495797
31.7526113821014,63.56755853862772,95.44469236577463
31.753673173789956,63.56981997642124,95.44829070489358
31.754737155841763,63.57208578080357,95.45189557157654
31.75580332803663,63.57435595130783,95.45550696508393
31.756871690153947,63.57663048746623,95.45912488467495
31.757942241972785,63.57890938881039,95.4627493296077
31.75901498327168,63.58119265487082,95.46638029913889
31.760089913828732,63.58348028517731,95.47001779252408
31.761167033421728,63.58577227925889,95.47366180901766
31.762246341827886,63.58806863664366,95.47731234787273
31.763327838824132,63.590369356858915,95.48096940834112
31.764411524186915,63.592674439431086,95.48463298967354
31.765497397692236,63.59498388388585,95.48830309111946
31.76658545911572,63.59729768974806,95.49197971192703
31.767675708232577,63.59961585654165,95.49566285134335
31.768768144817557,63.60193838378978,95.49935250861417
31.769862768644973,63.6042652710148,95.50304868298394
31.77095957948879,63.60659651773822,95.506751373696
31.772058577122507,63.608932123480585,95.51046057999244
31.773159761319235,63.61127208776205,95.51417630111447
31.774263131851583,63.61361641010131,95.51789853630162
31.775368688491806,63.61596509001685,95.52162728479242
31.776476431011723,63.61831812702582,95.52536254582417
31.777586359182862,63.62067552064486,95.52910431863295
31.778698472775993,63.6230372703897,95.53285260245352
31.779812771561833,63.625403375775306,95.53660739651961
31.780929255310486,63.627773836315654,95.54036870006364
31.78204792379172,63.63014865152407,95.54413651231677
31.78316877677483,63.63252782091301,95.54791083250916
31.78429181402868,63.634911343994,95.55169165986938
31.785417035321764,63.637299220277974,95.55547899362523
31.786544440422144,63.63969144927485,95.55927283300299
31.78767402909745,63.64208803049372,95.56307317722784
31.78880580111496,63.644488963443095,95.56688002552387
31.789939756241445,63.646894247630335,95.57069337711374
31.79107589424324,63.649303882562144,95.57451323121911
31.792214214886386,63.651717867744516,95.57833958706023
31.793354717936484,63.65413620268249,95.58217244385636
31.794497403158662,63.656558886880305,95.58601180082542
31.795642270317554,63.65898591984139,95.58985765718424
31.796789319177538,63.66141730106838,95.59371001214828
31.797938549502508,63.66385303006308,95.59756886493197
31.79908996105593,63.66629310632646,95.60143421474845
31.800243553600925,63.668737529358744,95.60530606080977
31.801399326900103,63.67118629865923,95.60918440232658
31.80255728071571,63.673639413726534,95.6130692385085
31.803717414809572,63.67609687405839,95.61696056856398
31.804879728943128,63.67855867915171,95.62085839170012
31.806044222877297,63.681024828502544,95.62476270712293
31.807210896372787,63.68349532160631,95.62867351403726
31.80837974918968,63.68597015795745,95.63259081164671
31.809550781087715,63.68844933704967,95.63651459915364
31.810723991826354,63.69093285837576,95.64044487575931
31.81189938116445,63.6934207214279,95.64438164066378
31.81307694886058,63.69591292569727,95.64832489306588
31.81425669467277,63.69840947067437,95.65227463216328
31.815438618358755,63.70091035584881,95.65623085715241
31.816622719675873,63.70341558070943,95.66019356722862
31.817808998380958,63.70592514474424,95.664162761586
31.818997454230487,63.708439047440486,95.66813843941745
31.820188086980515,63.71095728828461,95.67212059991468
31.82138089638667,63.71347986676214,95.67610924226824
31.82257588220426,63.71600678235798,95.68010436566763
31.823773044188016,63.71853803455606,95.68410596930086
31.824972382092398,63.72107362283959,95.68811405235498
31.82617389567141,63.72361354669102,95.69212861401587
31.82737758467868,63.7261578055919,95.69614965346807
31.828583448867338,63.72870639902305,95.70017716989527
31.829791487990246,63.73125932646444,95.7042111624795
31.83100170179969,63.733816587395204,95.70825163040202
31.832214090047678,63.73637818129377,95.71229857284268
31.83342865248576,63.738944107637764,95.7163519889803
31.834645388865145,63.741514365903996,95.72041187799253
31.835864298936507,63.74408895556839,95.72447823905568
31.837085382450148,63.74666787610614,95.728551071345
31.838308639156068,63.7492511269917,95.73263037403454
31.839534068803793,63.7518387076986,95.73671614629731
31.840761671142367,63.754430617699704,95.74080838730488
31.841991445920545,63.75702685646699,95.74490709622793
31.843223392886664,63.759627423471585,95.74901227223579
31.844457511788576,63.762232318183806,95.7531239144967
31.845693802373667,63.76484154007328,95.75724202217775
31.84693226438929,63.7674550886091,95.76136659444472
31.84817289758185,63.770072963259125,95.76549763046235
31.849415701697904,63.7726951634907,95.76963512939435
31.850660676483102,63.77532168877027,95.77377909040295
31.851907821682882,63.77795253856336,95.77792951264938
31.85315713704252,63.78058771233497,95.78208639529382
31.85440862230658,63.78322720954913,95.78624973749513
31.855662277219277,63.78587102966912,95.79041953841097
31.85691810152448,63.788519172157365,95.79459579719799
31.85817609496568,63.79117163647571,95.79877851301163
31.859436257285854,63.79382842208487,95.80296768500614
31.860698588227784,63.79648952844517,95.8071633123346
31.861963087533628,63.7991549550158,95.81136539414902
31.8632297549452,63.80182470125535,95.81557392960018
31.864498590204033,63.80449876662163,95.81978891783773
31.865769593051066,63.807177150571526,95.82401035801013
31.867042763226983,63.809859852561395,95.8282382492647
31.86831810047207,63.81254687204645,95.83247259074768
31.86959560452609,63.81523820848136,95.83671338160407
31.87087527512848,63.81793386131994,95.84096062097771
31.87215711201838,63.82063383001539,95.8452143080114
31.873441114934355,63.82333811401983,95.84947444184671
31.87472728361466,63.8260467127848,95.85374102162405
31.876015617797123,63.828759625761016,95.85801404648268
31.877306117219188,63.831476852398396,95.8622935155608
31.878598781617857,63.83419839214601,95.86657942799532
31.87989361072986,63.83692424445227,95.87087178292217
31.881190604291408,63.839654408764844,95.87517057947605
31.88248976203833,63.8423888845304,95.87947581679046
31.883791083706065,63.84512767119502,95.8837874939979
31.88509456902969,63.84787076820395,95.8881056102296
31.88640021774387,63.85061817500167,95.89243016461565
31.887708029582917,63.8533698910319,95.89676115628515
31.8890180042805,63.85612591573741,95.90109858436588
31.890330141570274,63.8588862485605,95.90544244798453
31.891644441185196,63.861650888942414,95.90979274626676
31.89296090285805,63.864419836323854,95.91414947833698
31.89427952632106,63.86719309014455,95.91851264331854
31.89560031130607,63.86997064984354,95.92288224033355
31.896923257544586,63.87275251485917,95.92725826850314
31.89824836476772,63.87553868462885,95.93164072694707
31.899575632706195,63.87832915858931,95.93602961478423
31.900905061090263,63.8811239361765,95.94042493113226
31.902236649649844,63.883923016825705,95.9448266751076
31.90357039811448,63.886726399971195,95.94923484582576
31.904906306213267,63.88953408504663,95.95364944240083
31.906244373674987,63.89234607148495,95.95807046394604
31.90758460022792,63.8951623587181,95.96249790957339
31.90892698560006,63.89798294617771,95.96693177839383
31.910271529518894,63.900807833293996,95.9713720695169
31.911618231711603,63.90363701949699,95.97581878205135
31.912967091904953,63.90647050421559,95.98027191510467
31.91431810982535,63.90930828687812,95.98473146778325
31.91567128519876,63.91215036691209,95.98919743919228
31.91702661775075,63.91499674374418,95.99366982843588
31.91838410720657,63.91784741680043,95.9981486346172
31.919743753291044,63.92070238550594,96.00263385683809
31.921105555728495,63.92356164928524,96.00712549419919
31.922469514243087,63.92642520756196,96.01162354580032
31.9238356285584,63.92929305975906,96.01612801073988
31.92520389839757,63.93216520529862,96.0206388881154
31.92657432348337,63.93504164360207,96.02515617702318
31.92794690353843,63.93792237409024,96.02967987655839
31.929321638284836,63.940807396182585,96.03420998581498
31.9306985274444,63.943696709298514,96.03874650388623
31.932077570738244,63.94659031285629,96.04328942986365
31.933458767887515,63.94948820627354,96.04783876283824
31.934842118612664,63.95239038896713,96.05239450189956
31.936227622633762,63.95529686035305,96.05695664613602
31.937615279670613,63.95820761984671,96.06152519463521
31.939005089442634,63.96112266686259,96.06610014648336
31.940397051668757,63.96404200081456,96.07068150076562
31.941791166067667,63.96696562111568,96.07526925656623
31.943187432357462,63.969893527178286,96.0798634129681
31.944585850256033,63.97282571841375,96.0844639690531
31.94598641948078,63.975762194233056,96.08907092390197
31.94738913974882,63.97870295404621,96.09368427659462
31.948794010776773,63.98164799726246,96.09830402620928
31.95020103228098,63.98459732329039,96.1029301718238
31.95161020397743,63.98755093153776,96.10756271251435
31.953021525581423,63.99050882141158,96.11220164735626
31.95443499680823,63.99347099231819,96.1168469754237
31.95585061737257,63.99643744366309,96.12149869578981
31.957268386988858,63.999408174851084,96.12615680752658
31.95868830537102,64.00238318528619,96.1308213097048
31.960110372232695,64.00536247437174,96.13549220139441
31.961534587287122,64.00834604151022,96.14016948166409
31.96296095024714,64.01133388610351,96.14485314958144
31.964389460825178,64.01432600755263,96.14954320421297
31.965820118733284,64.01732240525784,96.15423964462417
31.96725292368325,64.02032307861879,96.15894246987932
31.968687875386305,64.02332802703422,96.16365167904176
31.97012497355344,64.02633724990231,96.16836727117362
31.971564217895178,64.02935074662035,96.17308924533592
31.973005608121706,64.03236851658482,96.17781760058878
31.974449143942785,64.03539055919167,96.18255233599103
31.97589482506789,64.03841687383611,96.18729345060058
31.977342651206026,64.04144745991228,96.19204094347404
31.978792622065836,64.04448231681397,96.1967948136672
31.980244737355612,64.04752144393399,96.20155506023461
31.98169899678322,64.05056484066452,96.20632168222967
31.98315540005621,64.05361250639699,96.2110946787049
31.984613946881794,64.05666444052211,96.21587404871168
31.986074636966638,64.05972064242968,96.22065979130014
31.987537470017124,64.06278111150898,96.22545190551958
31.989002445739292,64.06584584714851,96.23025039041804
31.99046956383889,64.06891484873591,96.23505524504263
31.991938824021005,64.07198811565829,96.23986646843915
31.99341022599057,64.07506564730178,96.2446840596527
31.99488376945213,64.07814744305193,96.24950801772688
31.996359454109694,64.0812335022936,96.25433834170455
31.99783727966727,64.08432382441087,96.25917503062745
31.999317245827957,64.08741840878695,96.26401808353599
32.00079935229498,64.0905172548045,96.26886749946983
32.00228359877085,64.09362036184541,96.2737232774675
32.00376998495784,64.09672772929079,96.2785854165662
32.005258510557866,64.09983935652103,96.28345391580235
32.006749175272425,64.10295524291575,96.28832877421124
32.00824197880265,64.10607538785405,96.29320999082711
32.00973692084922,64.10919979071407,96.29809756468289
32.0112340011127,64.11232845087326,96.30299149481091
32.01273321929294,64.11546136770845,96.30789178024202
32.014234575089674,64.11859854059556,96.31279842000619
32.015738068202225,64.12173996891016,96.3177114131324
32.01724369832971,64.12488565202703,96.32263075864878
32.01875146517061,64.12803558931972,96.32755645558186
32.02026136842268,64.1311897801613,96.33248850295712
32.021773407783904,64.13434822392432,96.3374268997994
32.02328758295177,64.13751091998036,96.34237164513219
32.024803893623165,64.14067786770039,96.34732273797803
32.026322339494854,64.14384906645469,96.35228017735851
32.02784292026315,64.14702451561274,96.35724396229395
32.02936563562401,64.15020421454354,96.36221409180384
32.030890485272906,64.15338816261496,96.36719056490647
32.03241746890514,64.15657635919443,96.37217338061916
32.03394658621546,64.15976880364866,96.377162537958
32.03547783689848,64.16296549534361,96.38215803593846
32.037011220648075,64.16616643364442,96.38715987357442
32.03854673715821,64.16937161791562,96.39216804987907
32.040084386122125,64.1725810475211,96.39718256386459
32.04162416723286,64.17579472182369,96.40220341454177
32.043166080183006,64.17901264018606,96.40723060092068
32.044710124664746,64.18223480196953,96.41226412201026
32.04625630037016,64.18546120653531,96.41730397681833
32.04780460699068,64.18869185324344,96.42235016435171
32.049355044217506,64.19192674145354,96.42740268361636
32.05090761174138,64.19516587052436,96.43246153361687
32.05246230925279,64.1984092398139,96.437526713357
32.05401913644178,64.20165684867968,96.44259822183948
32.05557809299803,64.20490869647824,96.44767605806587
32.05713917861093,64.20816478256558,96.45276022103687
32.05870239296947,64.21142510629694,96.45785070975202
32.06026773576227,64.21468966702692,96.46294752320989
32.0618352066775,64.2179584641092,96.46805066040788
32.063404805403124,64.22123149689706,96.47316012034264
32.064976531626684,64.22450876474284,96.47827590200953
32.06655038503534,64.22779026699817,96.48339800440296
32.06812636531579,64.23107600301421,96.48852642651633
32.06970447215457,64.23436597214119,96.49366116734203
32.07128470523783,64.23766017372871,96.49880222587143
32.072867064251085,64.24095860712562,96.50394960109467
32.074451548879885,64.24426127168017,96.50910329200123
32.076038158809105,64.24756816673987,96.51426329757928
32.07762689372348,64.25087929165142,96.51942961681605
32.07921775330725,64.25419464576096,96.52460224869786
32.08081073724432,64.25751422841387,96.52978119220974
32.082405845218204,64.26083803895479,96.53496644633594
32.084003076912204,64.26416607672782,96.54015801005963
32.08560243200913,64.26749834107618,96.54535588236301
32.08720391019134,64.27083483134238,96.55056006222699
32.08880751114116,64.27417554686839,96.55577054863188
32.09041323454024,64.27752048699556,96.56098734055675
32.09202108006996,64.2808696510641,96.56621043697955
32.09363104741155,64.28422303841405,96.57143983687746
32.09524313624549,64.28758064838438,96.57667553922637
32.096857346252264,64.29094248031359,96.5819175430015
32.09847367711173,64.29430853353934,96.58716584717675
32.10009212850364,64.2976788073988,96.59242045072516
32.10171270010722,64.30105330122811,96.59768135261875
32.10333539160134,64.304432014363,96.60294855182853
32.10496020266454,64.30781494613845,96.60822204732436
32.10658713297514,64.31120209588879,96.61350183807542
32.10821618221103,64.31459346294747,96.61878792304955
32.1098473500495,64.31798904664744,96.62408030121377
32.111480636167876,64.32138884632094,96.62937897153407
32.113116040242794,64.32479286129939,96.63468393297535
32.11475356195087,64.32820109091365,96.63999518450154
32.116393200968105,64.3316135344939,96.64531272507585
32.118034956970064,64.33503019136944,96.65063655365987
32.119678829632385,64.33845106086925,96.65596666921489
32.121324818630086,64.34187614232137,96.66130307070075
32.12297292363764,64.34530543505304,96.66664575707637
32.124623144329526,64.34873893839112,96.6719947272998
32.12627548037966,64.3521766516616,96.677349980328
32.12792993146162,64.35561857418978,96.68271151511696
32.1295864972488,64.35906470530036,96.68807933062162
32.13124517741407,64.36251504431742,96.69345342579611
32.13290597162991,64.36596959056416,96.69883379959327
32.13456887956869,64.36942834336317,96.70422045096532
32.13623390090217,64.3728913020365,96.70961337886311
32.13790103530201,64.37635846590541,96.71501258223687
32.139570282439145,64.37982983429033,96.7204180600354
32.141241641984685,64.38330540651143,96.72582981120702
32.14291511360878,64.38678518188767,96.73124783469864
32.144590696981915,64.3902691597378,96.73667212945647
32.14626839177363,64.39375733937975,96.74210269442555
32.147948197653484,64.39724972013053,96.74753952855006
32.14963011429046,64.40074630130674,96.75298263077319
32.1513141413534,64.40424708222436,96.75843200003696
32.1530002785107,64.4077520621985,96.76388763528279
32.154688525430295,64.41126124054364,96.76934953545071
32.15637888178003,64.41477461657371,96.77481769948007
32.15807134722721,64.41829218960181,96.78029212630904
32.159765921438826,64.4218139589405,96.78577281487496
32.16146260408156,64.42533992390157,96.79125976411419
32.163161394821756,64.4288700837962,96.79675297296194
32.16486229332536,64.43240443793484,96.80225244035263
32.1665652992581,64.43594298562743,96.8077581652197
32.168270412285146,64.43948572618304,96.81327014649548
32.16997763207142,64.44303265891014,96.8187883831115
32.171686958281754,64.4465837831167,96.82431287399817
32.17339839058028,64.45013909810979,96.82984361808515
32.175111928630834,64.45369860319587,96.83538061430079
32.17682757209715,64.45726229768084,96.84092386157285
32.17854532064237,64.46083018086983,96.84647335882781
32.18026517392952,64.46440225206742,96.8520291049913
32.18198713162096,64.46797851057735,96.85759109898822
32.18371119337903,64.47155895570292,96.86315933974207
32.18543735886559,64.47514358674653,96.86873382617573
32.187165627742196,64.47873240301016,96.87431455721101
32.18889599967004,64.48232540379492,96.87990153176868
32.19062847430994,64.48592258840144,96.8854947487687
32.1923630513225,64.48952395612956,96.89109420712994
32.19409973036771,64.49312950627848,96.89669990577042
32.19583851110572,64.49673923814689,96.90231184360718
32.19757939319577,64.5003531510326,96.90793001955626
32.199322376297104,64.50397124423284,96.91355443253275
32.201067460068565,64.50759351704428,96.91918508145075
32.20281464416863,64.51121996876289,96.92482196522363
32.204563928255496,64.51485059868396,96.93046508276358
32.206315311987005,64.51848540610207,96.93611443298177
32.20806879502049,64.52212439031125,96.94177001478872
32.2098243770132,64.52576755060491,96.94743182709381
32.211582057622,64.52941488627566,96.9530998688055
32.21334183650333,64.53306639661554,96.9587741388313
32.21510371331314,64.53672208091584,96.96445463607773
32.21686768770754,64.54038193846753,96.97014135945051
32.21863375934182,64.54404596856054,96.97583430785427
32.22040192787121,64.54771417048437,96.98153348019284
32.22217219295036,64.55138654352766,96.9872388753689
32.22394455423385,64.55506308697883,96.99295049228435
32.225719011375865,64.5587438001252,96.99866832984021
32.22749556403013,64.5624286822537,97.00439238693646
32.2292742118501,64.56611773265038,97.01012266247199
32.231054954488954,64.56981095060101,97.01585915534505
32.2328377915995,64.5735083353904,97.02160186445283
32.234622722834224,64.57720988630287,97.02735078869149
32.236409747845265,64.5809156026221,97.03310592695651
32.238198866284364,64.5846254836309,97.03886727814198
32.23999007780312,64.58833952861187,97.04463484114169
32.24178338205271,64.59205773684657,97.05040861484804
32.243578778683734,64.59578010761615,97.0561885981525
32.245376267346934,64.59950664020099,97.06197478994588
32.24717584769231,64.60323733388091,97.06776718911783
32.24897751936979,64.60697218793507,97.07356579455727
32.250781282028825,64.61071120164196,97.07937060515194
32.252587135318706,64.61445437427963,97.085181619789
32.25439507888806,64.61820170512506,97.09099883735428
32.256205112385715,64.62195319345507,97.0968222567331
32.25801723545957,64.62570883854552,97.10265187680952
32.25983144775763,64.6294686396719,97.10848769646682
32.26164774892748,64.63323259610871,97.11432971458741
32.26346613861623,64.63700070713023,97.12017793005269
32.26528661647088,64.64077297200987,97.12603234174325
32.26710918213791,64.64454939002037,97.13189294853863
32.26893383526355,64.64832996043394,97.13775974931762
32.27076057549381,64.65211468252217,97.14363274295788
32.27258940247421,64.65590355555604,97.14951192833634
32.27442031584998,64.65969657880572,97.15539730432896
32.276253315266075,64.66349375154095,97.16128886981076
32.27808840036715,64.66729507303076,97.16718662365585
32.2799255707975,64.67110054254357,97.1730905647375
32.28176482620112,64.67491015934729,97.17900069192807
32.283606166221546,64.67872392270884,97.1849170040988
32.28544959050216,64.68254183189498,97.19083950012032
32.28729509868603,64.6863638861715,97.1967681788623
32.28914269041571,64.6901900848038,97.20270303919325
32.290992365333636,64.69402042705643,97.20864407998111
32.29284412308179,64.69785491219338,97.21459130009261
32.294697963301985,64.70169353947841,97.22054469839397
32.296553885635575,64.705536308174,97.22650427375004
32.298411889723575,64.7093832175425,97.23247002502515
32.300271975206805,64.71323426684542,97.23844195108254
32.30213414172561,64.71708945534367,97.24442005078457
32.303998388920256,64.72094878229768,97.25040432299281
32.30586471643038,64.72481224696699,97.25639476656777
32.30773312389563,64.72867984861097,97.26239138036935
32.309603610954994,64.73255158648783,97.26839416325608
32.31147617724744,64.7364274598556,97.27440311408611
32.313350822411415,64.7403074679715,97.28041823171635
32.31522754608514,64.74419161009207,97.28643951500301
32.31710634790654,64.74807988547349,97.29246696280131
32.3189872275132,64.75197229337105,97.29850057396563
32.32087018454223,64.75586883303947,97.30454034734935
32.322755218630775,64.75976950373315,97.31058628180516
32.32464232941541,64.76367430470556,97.31663837618478
32.32653151653232,64.76758323520963,97.32269662933895
32.328422779617576,64.77149629449771,97.32876104011761
32.33031611830689,64.77541348182167,97.33483160736992
32.33221153223559,64.77933479643248,97.34090832994393
32.33410902103873,64.78326023758072,97.34699120668697
32.33600858435105,64.78718980451636,97.35308023644558
32.337910221806915,64.79112349648875,97.35917541806508
32.33981393304064,64.79506131274647,97.36527675039028
32.34171971768577,64.79900325253773,97.37138423226484
32.34362757537597,64.80294931511004,97.37749786253188
32.34553750574425,64.8068994997102,97.38361764003312
32.34744950842362,64.81085380558456,97.38974356361005
32.34936358304656,64.81481223197883,97.39587563210273
32.3512797292453,64.81877477813805,97.40201384435068
32.353197946651825,64.82274144330681,97.40815819919243
32.35511823489766,64.82671222672882,97.41430869546569
32.3570405936142,64.83068712764755,97.42046533200708
32.358965022432315,64.8346661453056,97.42662810765276
32.360891520982946,64.8386492789451,97.43279702123782
32.36282008889617,64.84263652780747,97.43897207159623
32.36475072580228,64.84662789113372,97.4451532575616
32.36668343133093,64.85062336816411,97.45134057796629
32.368618205111574,64.85462295813828,97.45753403164194
32.370555046773404,64.85862666029539,97.46373361741935
32.37249395594526,64.862634473874,97.46993933412833
32.3744349322555,64.86664639811194,97.47615118059788
32.37637797533259,64.87066243224663,97.48236915565639
32.37832308480442,64.87468257551477,97.48859325813109
32.38027026029835,64.87870682715243,97.49482348684843
32.38221950144196,64.88273518639527,97.50105984063397
32.384170807862134,64.88676765247818,97.50730231831258
32.386124179185565,64.89080422463557,97.5135509187081
32.388079615038656,64.89484490210131,97.51980564064363
32.39003711504745,64.89888968410841,97.52606648294126
32.391996678837835,64.90293856988961,97.53233344442259
32.39395830603518,64.90699155867695,97.53860652390786
32.39592199626471,64.91104864970183,97.54488572021702
32.39788774915125,64.91510984219502,97.55117103216857
32.39985556431938,64.91917513538691,97.5574624585806
32.40182544139343,64.92324452850708,97.56375999827033
32.40379737999722,64.92731802078467,97.57006365005392
32.40577137975458,64.93139561144818,97.57637341274686
32.4077474402887,64.9354772997256,97.58268928516367
32.409725561222814,64.93956308484422,97.5890112661183
32.41170574217953,64.94365296603088,97.59533935442342
32.41368798278124,64.94774694251163,97.60167354889118
32.41567228265039,64.95184501351227,97.60801384833292
32.417658641408515,64.95594717825759,97.6143602515589
32.419647058677384,64.96005343597228,97.62071275737874
32.42163753407818,64.96416378588006,97.62707136460128
32.42363006723185,64.96827822720431,97.63343607203423
32.42562465775903,64.9723967591677,97.63980687848478
32.42762130528008,64.97651938099237,97.64618378275907
32.42962000941513,64.98064609189996,97.65256678366255
32.43162076978386,64.98477689111138,97.6589558799998
32.433623586005794,64.98891177784711,97.66535107057449
32.43562845770013,64.993050751327,97.67175235418965
32.43763538448563,64.99719381077033,97.67815972964726
32.439644365980996,65.00134095539576,97.68457319574884
32.44165540180441,65.00549218442146,97.69099275129442
32.44366849157387,65.009647497065,97.69741839508386
32.44568363490711,65.01380689254331,97.70385012591586
32.44770083142145,65.01797037007287,97.71028794258847
32.44972008073409,65.02213792886958,97.71673184389888
32.451741382461776,65.02630956814865,97.72318182864326
32.45376473622108,65.03048528712489,97.72963789561726
32.45579014162811,65.03466508501236,97.73610004361548
32.45781759829883,65.03884896102467,97.74256827143186
32.459847105848915,65.043036914375,97.74904257785948
32.46187866389379,65.04722894427564,97.75552296169062
32.463912272048184,65.05142504993844,97.76200942171636
32.46594792992718,65.05562523057489,97.76850195672789
32.46798563714511,65.05982948539574,97.77500056551462
32.470025393316185,65.06403781361111,97.7815052468657
32.4720671980542,65.0682502144308,97.78801599956932
32.47411105097284,65.07246668706375,97.79453282241288
32.47615695168533,65.07668723071862,97.80105571418291
32.47820489980474,65.08091184460326,97.80758467366516
32.48025489494372,65.08514052792529,97.81411969964466
32.48230693671479,65.08937327989123,97.82066079090546
32.48436102473012,65.09361009970775,97.8272079462311
32.486417158601355,65.09785098658033,97.83376116440388
32.48847533794026,65.10209593971425,97.84032044420582
32.49053556235802,65.10634495831417,97.84688578441772
32.4925978314657,65.11059804158417,97.85345718381978
32.49466214487392,65.11485518872777,97.86003464119129
32.4967285021931,65.11911639894795,97.86661815531096
32.49879690303343,65.12338167144704,97.87320772495647
32.50086734700479,65.12765100542704,97.87980334890477
32.50293983371664,65.13192440008923,97.88640502593206
32.50501436277819,65.13620185463432,97.8930127548137
32.507090933798615,65.14048336826276,97.89962653432443
32.509169546386445,65.14476894017388,97.90624636323771
32.511250200150165,65.14905856956705,97.91287224032683
32.513332894697896,65.15335225564077,97.919504164364
32.5154176296376,65.15764999759307,97.92614213412058
32.51750440457667,65.16195179462142,97.93278614836728
32.519593219122406,65.16625764592284,97.93943620587382
32.521684072881925,65.17056755069359,97.94609230540942
32.523776965461884,65.17488150812976,97.95275444574236
32.525871896468665,65.1791995174264,97.95942262564012
32.52796886550853,65.18352157777838,97.96609684386941
32.53006787218717,65.18784768837993,97.97277709919618
32.53216891611035,65.1921778484248,97.97946339038558
32.534271996883234,65.19651205710599,97.98615571620206
32.536377114111055,65.20085031361619,97.99285407540931
32.53848426739831,65.20519261714753,97.9995584667699
32.54059345634968,65.20953896689137,98.00626888904621
32.54270468056929,65.2138893620389,98.01298534099938
32.54481793966093,65.21824380178035,98.01970782138979
32.54693323322834,65.22260228530583,98.02643632897738
32.54905056087487,65.22696481180455,98.03317086252103
32.55116992220352,65.23133138046553,98.03991142077899
32.55329131681719,65.23570199047694,98.04665800250868
32.55541474431831,65.24007664102666,98.05341060646668
32.55754020430921,65.24445533130188,98.0601692314089
32.55966769639178,65.24883806048926,98.06693387609066
32.561797220167705,65.2532248277751,98.07370453926607
32.56392877523844,65.25761563234491,98.08048121968893
32.566062361205056,65.26201047338388,98.08726391611191
32.56819797766854,65.26640935007663,98.09405262728716
32.57033562422932,65.27081226160732,98.10084735196601
32.5724753004878,65.27521920715921,98.10764808889897
32.57461700604406,65.27963018591551,98.11445483683593
32.576760740497704,65.28404519705857,98.12126759452583
32.578906503448366,65.28846423977049,98.12808636071696
32.581054294495196,65.29288731323265,98.13491113415682
32.58320411323712,65.29731441662582,98.14174191359223
32.585355959272825,65.30174554913049,98.14857869776918
32.58750983220076,65.30618070992652,98.15542148543301
32.58966573161896,65.31061989819327,98.16227027532811
32.59182365712542,65.3150631131095,98.16912506619835
32.59398360831748,65.31951035385345,98.17598585678655
32.5961455847927,65.32396161960285,98.18285264583518
32.59830958614792,65.3284169095352,98.18972543208577
32.60047561198006,65.33287622282697,98.19660421427878
32.60264366188546,65.33733955865445,98.20348899115456
32.60481373546059,65.34180691619342,98.21037976145227
32.60698583230116,65.34627829461897,98.21727652391048
32.60915995200304,65.35075369310582,98.22417927726683
32.61133609416153,65.35523311082798,98.23108802025853
32.61351425837199,65.35971654695926,98.23800275162189
32.61569444422892,65.36420400067256,98.24492347009236
32.61787665132725,65.3686954711406,98.2518501744049
32.62006087926131,65.37319095753544,98.25878286329346
32.62224712762504,65.37769045902873,98.26572153549152
32.62443539601237,65.38219397479145,98.27266618973164
32.626625684016815,65.38670150399415,98.27961682474577
32.62881799123169,65.39121304580685,98.28657343926491
32.63101231725004,65.39572859939922,98.2935360320198
32.63320866166446,65.40024816394019,98.3005046017397
32.63540702406752,65.40477173859813,98.3074791471538
32.637607404051494,65.40929932254124,98.3144596669904
32.63980980120837,65.41383091493702,98.32144615997694
32.64201421512986,65.41836651495242,98.32843862484027
32.64422064540723,65.4229061217538,98.33543706030623
32.646429091631816,65.42744973450728,98.34244146510035
32.64863955339446,65.43199735237837,98.34945183794706
32.65085203028572,65.43654897453189,98.35646817757029
32.653066521896086,65.4411046001325,98.36349048269331
32.65528302781577,65.445664228344,98.37051875203854
32.657501547634354,65.45022785832992,98.37755298432761
32.659722080941755,65.45479548925326,98.3845931782814
32.661944627327074,65.45936712027648,98.39163933262053
32.66416918637942,65.46394275056147,98.39869144606413
32.66639575768776,65.46852237926984,98.40574951733147
32.66862434084053,65.47310600556236,98.4128135451405
32.67085493542605,65.47769362859972,98.4198835282085
32.67308754103225,65.48228524754175,98.42695946525231
32.675322157247194,65.48688086154793,98.43404135498808
32.67755878365805,65.49148046977736,98.44112919613079
32.67979741985234,65.49608407138847,98.44822298739517
32.682038065416926,65.50069166553915,98.45532272749506
32.68428071993869,65.5053032513871,98.46242841514383
32.68652538300394,65.50991882808916,98.4695400490535
32.68877205419914,65.514538394802,98.47665762793613
32.69102073311005,65.51916195068154,98.4837811505027
32.69327141932254,65.5237894948833,98.49091061546349
32.69552411242199,65.52842102656231,98.49804602152834
32.69777881199361,65.53305654487333,98.50518736740581
32.70003551762243,65.5376960489702,98.51233465180452
32.70229422889304,65.54233953800669,98.51948787343171
32.70455494538998,65.54698701113574,98.52664703099445
32.70681766669734,65.55163846750995,98.53381212319862
32.70908239239935,65.55629390628158,98.54098314874992
32.711349122079305,65.56095332660217,98.54816010635294
32.7136178553208,65.56561672762291,98.55534299471182
32.71588859170704,65.5702841084945,98.56253181252994
32.71816133082097,65.57495546836707,98.56972655850994
32.72043607224528,65.57963080639027,98.57692723135371
32.722712815562254,65.58431012171344,98.58413382976265
32.72499156035419,65.5889934134853,98.59134635243731
32.72727230620295,65.59368068085409,98.59856479807766
32.72955505269031,65.5983719229676,98.60578916538284
32.73183979939751,65.60306713897307,98.61301945305148
32.73412654590593,65.60776632801742,98.62025565978144
32.736415291796206,65.61246948924693,98.62749778426965
32.73870603664942,65.61717662180766,98.63474582521306
32.7409987800456,65.6218877248446,98.64199978130698
32.7432935215652,65.62660279750314,98.64925965124696
32.74559026078796,65.63132183892736,98.65652543372707
32.747888997293714,65.63604484826152,98.6637971274414
32.75018973066179,65.64077182464878,98.6710747310828
32.752492460471395,65.64550276723247,98.6783582433439
32.7547971863014,65.65023767515495,98.68564766291627
32.75710390773068,65.65497654755853,98.69294298849105
32.75941262433751,65.65971938358469,98.70024421875866
32.761723335700076,65.66446618237441,98.70755135240871
32.76403604139652,65.6692169430686,98.71486438813035
32.7663507410044,65.67397166480737,98.72218332461202
32.768667434101204,65.67873034673052,98.72950816054117
32.77098612026409,65.68349298797712,98.73683889460511
32.77330679907017,65.68825958768628,98.74417552549009
32.77562947009623,65.69303014499606,98.75151805188175
32.77795413291854,65.69780465904448,98.75886647246544
32.780280787113476,65.70258312896898,98.76622078592516
32.78260943225704,65.7073655539064,98.7735809909448
32.78494006792492,65.71215193299331,nan
32.78727269369269,65.71694226536565,nan
32.78960730913558,65.72173655015901,nan
32.79194391382876,65.72653478650842,nan
32.79428250734691,65.73133697354864,nan
32.79662308926469,65.73614311041383,nan
32.798965659156174,65.74095319623763,nan
32.80131021659574,65.74576723015348,nan
32.803656761156944,65.75058521129374,nan
32.80600529241365,65.75540713879133,nan
32.80835580993906,65.7602330117777,nan
32.8107083133063,65.76506282938452,nan
32.81306280208817,65.76989659074272,nan
32.81541927585751,65.7747342949827,nan
32.8177777341867,65.77957594123473,nan
32.820138176647596,65.78442152862831,nan
32.822500602812596,65.78927105629265,nan
32.82486501225309,65.7941245233564,nan
32.8272314045406,65.79898192894791,nan
32.82959977924636,65.80384327219508,nan
32.83197013594138,65.80870855222501,nan
32.83434247419637,65.81357776816473,nan
32.83671679358193,65.81845091914086,nan
32.839093093668176,65.82332800427922,nan
32.841471374025225,65.82820902270564,nan
32.84385163422311,65.8330939735449,nan
32.846233873831075,65.83798285592202,nan
32.848618092418796,65.84287566896101,nan
32.85100428955515,65.84777241178584,nan
32.85339246480906,65.85267308351968,nan
32.85578261774912,65.85757768328544,nan
32.858174747943956,65.86248621020579,nan
32.860568854961656,65.8673986634027,nan
32.8629649383702,65.87231504199771,nan
32.86536299773721,65.87723534511201,nan
32.86776303263015,65.88215957186611,nan
32.870165042616534,65.88708772138061,nan
32.87256902726322,65.89201979277512,nan
32.87497498613709,65.89695578516917,nan
32.87738291880462,65.90189569768154,nan
32.87979282483227,65.90683952943101,nan
32.88220470378605,65.91178727953546,nan
32.88461855523207,65.91673894711263,nan
32.887034378735805,65.92169453127977,nan
32.88945217386264,65.92665403115357,nan
32.89187194017801,65.93161744585056,nan
32.894293677246715,65.93658477448643,nan
32.89671738463362,65.94155601617686,nan
32.8991430619031,65.94653117003682,nan
32.90157070861968,65.95151023518108,nan
32.90400032434733,65.95649321072379,nan
32.90643190864998,65.96148009577863,nan
32.90886546109126,65.9664708894591,nan
32.911300981234476,65.9714655908781,nan
32.913738468642855,65.97646419914797,nan
32.916177922879406,65.98146671338107,nan
32.91861934350692,65.98647313268874,nan
32.921062730087755,65.99148345618254,nan
32.923508082184405,65.99649768297301,nan
32.925955399358614,66.00151581217044,nan
32.92840468117259,66.00653784288531,nan
32.93085592718786,66.01156377422663,nan
32.93330913696574,66.01659360530371,nan
32.93576431006756,nan,nan
32.93822144605419,nan,nan
32.94068054448646,nan,nan
32.943141604924676,nan,nan
32.94560462692938,nan,nan
32.94806961006056,nan,nan
32.950536553878244,nan,nan
32.95300545794197,nan,nan
32.95547632181102,nan,nan
32.9579491450449,nan,nan
32.96042392720233,nan,nan
32.96290066784233,nan,nan
32.96537936652349,nan,nan
32.967860022803855,nan,nan
32.97034263624178,nan,nan
32.97282720639537,nan,nan
32.97531373282191,nan,nan
32.97780221507914,nan,nan
32.98029265272434,nan,nan
32.98278504531466,nan,nan
32.985279392406646,nan,nan
32.9877756935571,nan,nan
32.9902739483225,nan,nan
32.99277415625903,nan,nan
32.99527631692287,nan,nan
32.99778042986926,nan,nan
33.000286494654375,nan,nan
33.00279451083309,nan,nan
33.00530447796095,nan,nan
33.007816395592634,nan,nan
33.010330263282995,nan,nan
33.012846080586506,nan,nan
33.01536384705751,nan,nan
33.01788356225006,nan,nan
33.02040522571818,nan,nan
33.022928837015385,nan,nan
33.025454395695235,nan,nan
33.02798190131095,nan,nan
33.03051135341565,nan,nan
33.03304275156212,nan,nan
33.03557609530313,nan,nan
33.038111384191026,nan,nan
33.04064861777791,nan,nan
33.04318779561604,nan,nan
33.045728917257165,nan,nan
33.04827198225286,nan,nan
33.050816990154495,nan,nan
33.053363940513336,nan,nan
33.05591283288046,nan,nan
33.05846366680659,nan,nan
33.06101644184236,nan,nan
33.06357115753799,nan,nan
33.066127813443835,nan,nan
33.068686409109944,nan,nan
33.0712469440859,nan,nan
33.073809417921545,nan,nan
33.07637383016588,nan,nan
33.07894018036856,nan,nan
33.08150846807814,nan,nan
33.08407869284359,nan,nan
33.08665085421368,nan,nan
33.08922495173638,nan,nan
33.09180098496012,nan,nan
